{"cameraMode":{"drawMode":0,"name":"Shaded","section":"Shading Mode"},"sceneLighting":true,"audioPlay":false,"sceneViewState":{"showFog":true,"showMaterialUpdate":false,"showSkybox":true,"showFlares":true,"showImageEffects":true,"showParticleSystems":true},"in2DMode":false,"pivot":{"x":-1.1554036140441895,"y":-1.4960837364196778,"z":-0.11893343925476074},"rotation":{"x":-0.3619939684867859,"y":0.5146822929382324,"z":-0.25359681248664858,"w":-0.7346801161766052},"size":5.571340084075928,"orthographic":false}