{"cameraMode":{"drawMode":0,"name":"Shaded","section":"Shading Mode"},"sceneLighting":true,"audioPlay":false,"sceneViewState":{"showFog":true,"showMaterialUpdate":false,"showSkybox":true,"showFlares":true,"showImageEffects":true,"showParticleSystems":true},"in2DMode":false,"pivot":{"x":180.94827270507813,"y":162.78846740722657,"z":161.7922821044922},"rotation":{"x":-0.3149296045303345,"y":0.6814695596694946,"z":-0.42280760407447817,"w":-0.5075955986976624},"size":10.902477264404297,"orthographic":false}