{"cameraMode":{"drawMode":0,"name":"Shaded","section":"Shading Mode"},"sceneLighting":true,"audioPlay":false,"sceneViewState":{"showFog":true,"showMaterialUpdate":false,"showSkybox":true,"showFlares":true,"showImageEffects":true,"showParticleSystems":true},"in2DMode":false,"pivot":{"x":95.60238647460938,"y":23.864952087402345,"z":106.11573791503906},"rotation":{"x":-0.05642270669341087,"y":0.93495774269104,"z":-0.17333269119262696,"w":-0.3043442368507385},"size":99.20210266113281,"orthographic":false}