{"cameraMode":{"drawMode":0,"name":"Shaded","section":"Shading Mode"},"sceneLighting":true,"audioPlay":false,"sceneViewState":{"showFog":true,"showMaterialUpdate":false,"showSkybox":true,"showFlares":true,"showImageEffects":true,"showParticleSystems":true},"in2DMode":false,"pivot":{"x":-8.152263641357422,"y":13.303817749023438,"z":8.576339721679688},"rotation":{"x":0.02198694832623005,"y":0.805878221988678,"z":0.029984766617417337,"w":-0.5909155011177063},"size":12.843515396118164,"orthographic":false}