{"cameraMode":{"drawMode":0,"name":"Shaded","section":"Shading Mode"},"sceneLighting":true,"audioPlay":false,"sceneViewState":{"showFog":true,"showMaterialUpdate":false,"showSkybox":true,"showFlares":true,"showImageEffects":true,"showParticleSystems":true},"in2DMode":false,"pivot":{"x":-2.08884334564209,"y":-0.17285585403442384,"z":1.618542194366455},"rotation":{"x":-0.024238742887973787,"y":0.930473804473877,"z":-0.36015766859054568,"w":-0.06262088567018509},"size":3.7680866718292238,"orthographic":false}