{"cameraMode":{"drawMode":0,"name":"Shaded","section":"Shading Mode"},"sceneLighting":true,"audioPlay":false,"sceneViewState":{"showFog":true,"showMaterialUpdate":false,"showSkybox":true,"showFlares":true,"showImageEffects":true,"showParticleSystems":true},"in2DMode":false,"pivot":{"x":0.2287921905517578,"y":-0.6320762634277344,"z":0.22879409790039063},"rotation":{"x":-0.09219460189342499,"y":0.8966675400733948,"z":-0.22257746756076814,"w":-0.37141185998916628},"size":13.149999618530274,"orthographic":false}