{"cameraMode":{"drawMode":0,"name":"Shaded","section":"Shading Mode"},"sceneLighting":true,"audioPlay":false,"sceneViewState":{"showFog":true,"showMaterialUpdate":false,"showSkybox":true,"showFlares":true,"showImageEffects":true,"showParticleSystems":true},"in2DMode":false,"pivot":{"x":382.4705505371094,"y":310.6689453125,"z":7.568084716796875},"rotation":{"x":-0.015308930538594723,"y":-0.003902616910636425,"z":0.000059614190831780434,"w":-0.9998757839202881},"size":176.947509765625,"orthographic":false}