{"cameraMode":{"drawMode":0,"name":"Shaded","section":"Shading Mode"},"sceneLighting":true,"audioPlay":false,"sceneViewState":{"showFog":true,"showMaterialUpdate":false,"showSkybox":true,"showFlares":true,"showImageEffects":true,"showParticleSystems":true},"in2DMode":false,"pivot":{"x":1.150578260421753,"y":1.3790793418884278,"z":2.678036689758301},"rotation":{"x":-0.0248541459441185,"y":-0.9591531753540039,"z":0.26732274889945986,"w":-0.0891764909029007},"size":2.6983988285064699,"orthographic":false}