{"cameraMode":{"drawMode":0,"name":"Shaded","section":"Shading Mode"},"sceneLighting":true,"audioPlay":false,"sceneViewState":{"showFog":true,"showMaterialUpdate":false,"showSkybox":true,"showFlares":true,"showImageEffects":true,"showParticleSystems":true},"in2DMode":false,"pivot":{"x":37.667823791503909,"y":28.056779861450197,"z":4.508275985717773},"rotation":{"x":-0.013487688265740872,"y":-0.04198381304740906,"z":-0.0005668144440278411,"w":0.9990275502204895},"size":26.01061248779297,"orthographic":false}