{"cameraMode":{"drawMode":0,"name":"Shaded","section":"Shading Mode"},"sceneLighting":true,"audioPlay":false,"sceneViewState":{"showFog":true,"showMaterialUpdate":false,"showSkybox":true,"showFlares":true,"showImageEffects":true,"showParticleSystems":true},"in2DMode":false,"pivot":{"x":-3.9432599544525148,"y":-0.44690561294555666,"z":-0.19552667438983918},"rotation":{"x":-0.11495105177164078,"y":0.7115748524665833,"z":-0.11981076002120972,"w":-0.6827104687690735},"size":7.712738037109375,"orthographic":false}