{"cameraMode":{"drawMode":0,"name":"Shaded","section":"Shading Mode"},"sceneLighting":true,"audioPlay":false,"sceneViewState":{"showFog":true,"showMaterialUpdate":false,"showSkybox":true,"showFlares":true,"showImageEffects":true,"showParticleSystems":true},"in2DMode":false,"pivot":{"x":1283.26806640625,"y":228.49911499023438,"z":226.86810302734376},"rotation":{"x":-0.037385888397693637,"y":-0.400020569562912,"z":0.01633388362824917,"w":-0.9155994057655335},"size":591.80908203125,"orthographic":false}