{"cameraMode":{"drawMode":0,"name":"Shaded","section":"Shading Mode"},"sceneLighting":true,"audioPlay":false,"sceneViewState":{"showFog":true,"showMaterialUpdate":false,"showSkybox":true,"showFlares":true,"showImageEffects":true,"showParticleSystems":true},"in2DMode":false,"pivot":{"x":-3.058004379272461,"y":-2.127964973449707,"z":17.139259338378908},"rotation":{"x":-0.19526228308677674,"y":0.26599106192588808,"z":-0.05511339753866196,"w":-0.9423821568489075},"size":15.042425155639649,"orthographic":false}