{"cameraMode":{"drawMode":0,"name":"Shaded","section":"Shading Mode"},"sceneLighting":true,"audioPlay":false,"sceneViewState":{"showFog":true,"showMaterialUpdate":false,"showSkybox":true,"showFlares":true,"showImageEffects":true,"showParticleSystems":true},"in2DMode":false,"pivot":{"x":-4.170637607574463,"y":-3.635974407196045,"z":-2.6246232986450197},"rotation":{"x":-0.15643125772476197,"y":0.8382807374000549,"z":-0.3143925666809082,"w":-0.417100727558136},"size":6.3533806800842289,"orthographic":false}