{"cameraMode":{"drawMode":0,"name":"Shaded","section":"Shading Mode"},"sceneLighting":true,"audioPlay":false,"sceneViewState":{"showFog":true,"showMaterialUpdate":false,"showSkybox":true,"showFlares":true,"showImageEffects":true,"showParticleSystems":true},"in2DMode":false,"pivot":{"x":-3.4615635871887209,"y":-0.6154124736785889,"z":3.3690989017486574},"rotation":{"x":-0.20287321507930757,"y":0.3954502046108246,"z":-0.09001355618238449,"w":-0.8912686109542847},"size":13.94340705871582,"orthographic":false}