{"cameraMode":{"drawMode":0,"name":"Shaded","section":"Shading Mode"},"sceneLighting":true,"audioPlay":false,"sceneViewState":{"showFog":true,"showMaterialUpdate":false,"showSkybox":true,"showFlares":true,"showImageEffects":true,"showParticleSystems":true},"in2DMode":false,"pivot":{"x":1.9058778285980225,"y":4.400667667388916,"z":-7.819345474243164},"rotation":{"x":-0.01997118443250656,"y":0.34854039549827578,"z":-0.007428776938468218,"w":-0.9370522499084473},"size":3.686049461364746,"orthographic":false}