{"cameraMode":{"drawMode":0,"name":"Shaded","section":"Shading Mode"},"sceneLighting":true,"audioPlay":false,"sceneViewState":{"showFog":true,"showMaterialUpdate":false,"showSkybox":true,"showFlares":true,"showImageEffects":true,"showParticleSystems":true},"in2DMode":false,"pivot":{"x":415.7582092285156,"y":226.24871826171876,"z":-28.45330810546875},"rotation":{"x":0.022803328931331636,"y":-0.01949940249323845,"z":0.0004451049317140132,"w":0.9995516538619995},"size":252.04444885253907,"orthographic":false}